﻿pos_x,pos_y,rotation,side,designator,mpn,pack,footprint,value,mount_type
158.0,-34.1375,90.0,top,C1,,,C_0603_1608Metric_Pad1.08x0.95mm_HandSolder,10uF,smt
149.0,-49.25,90.0,top,C10,,,C_0603_1608Metric_Pad1.08x0.95mm_HandSolder,10u,smt
159.0,-41.0,180.0,top,C11,,,C_0603_1608Metric_Pad1.08x0.95mm_HandSolder,.1u,smt
150.5,-44.5,180.0,top,C12,,,C_0603_1608Metric_Pad1.08x0.95mm_HandSolder,5u,smt
166.0,-49.5,0.0,top,C13,,,C_0603_1608Metric_Pad1.08x0.95mm_HandSolder,10u,smt
154.0,-33.0,0.0,top,C2,,,C_0603_1608Metric_Pad1.08x0.95mm_HandSolder,10uF,smt
154.0,-31.3625,0.0,top,C3,,,C_0603_1608Metric_Pad1.08x0.95mm_HandSolder,1uF,smt
149.0,-36.0,180.0,top,C4,,,C_0603_1608Metric_Pad1.08x0.95mm_HandSolder,10uF,smt
172.35975,-59.02775,0.0,top,C5,,,C_0603_1608Metric_Pad1.08x0.95mm_HandSolder,20u,smt
159.1375,-58.75,0.0,top,C6,,,C_0603_1608Metric_Pad1.08x0.95mm_HandSolder,10u,smt
168.0,-51.66175,180.0,top,C7,,,C_0603_1608Metric_Pad1.08x0.95mm_HandSolder,.1u,smt
163.34275,-53.56675,90.0,top,C8,,,C_0603_1608Metric_Pad1.08x0.95mm_HandSolder,10u,smt
154.5,-49.5,180.0,top,C9,,,C_0603_1608Metric_Pad1.08x0.95mm_HandSolder,.1u,smt
167.5,-37.846,0.0,top,D1,,,D_SOD-123,MBR0520,smt
148.336,-39.5,-90.0,top,D2,,,LED_0805_2012Metric_Pad1.15x1.40mm_HandSolder,LED,smt
169.6,-43.688,90.0,top,J2,,,JST_PH_S2B-PH-SM4-TB_1x02-1MP_P2.00mm_Horizontal,S2B-PH-K-SLFSN,smt
159.75,-62.75,90.0,top,J3,,,PinHeader_1x02_P2.54mm_Vertical,Conn_01x02_Pin,tht
164.225,-32.9165,180.0,top,J4,,,MOLEX_47589-0001,USB_B_Micro,smt
159.96,-38.0,90.0,top,J6,,,PinHeader_1x02_P2.54mm_Vertical,Conn_01x02_Pin,tht
150.4465,-59.7,180.0,top,Q1,,,SOT-23,BC817,smt
154.797,-41.0,90.0,top,R1,,,R_0603_1608Metric_Pad0.98x0.95mm_HandSolder,10K,smt
158.0,-50.0,0.0,top,R10,,,R_0603_1608Metric_Pad0.98x0.95mm_HandSolder,680,smt
159.0,-54.25,-90.0,top,R11,,,R_0603_1608Metric_Pad0.98x0.95mm_HandSolder,47K,smt
151.25,-47.4125,90.0,top,R12,,,R_0603_1608Metric_Pad0.98x0.95mm_HandSolder,3.3K,smt
162.5,-41.0,0.0,top,R13,,,R_0603_1608Metric_Pad0.98x0.95mm_HandSolder,680,smt
162.0,-45.5,-90.0,top,R14,,,R_0603_1608Metric_Pad0.98x0.95mm_HandSolder,47K,smt
162.5,-49.0,0.0,top,R15,,,R_0603_1608Metric_Pad0.98x0.95mm_HandSolder,20K,smt
154.5,-62.5,180.0,top,R16,,,R_0603_1608Metric_Pad0.98x0.95mm_HandSolder,100,smt
166.25,-61.0,0.0,top,R17,,,R_0603_1608Metric_Pad0.98x0.95mm_HandSolder,20K,smt
149.5,-42.5,0.0,top,R2,,,R_0603_1608Metric_Pad0.98x0.95mm_HandSolder,1K,smt
156.5,-34.0,90.0,top,R3,,,R_0603_1608Metric_Pad0.98x0.95mm_HandSolder,100K,smt
168.80375,-59.02775,0.0,top,R4,,,R_0603_1608Metric_Pad0.98x0.95mm_HandSolder,10K,smt
155.5845,-58.75,0.0,top,R5,,,R_0603_1608Metric_Pad0.98x0.95mm_HandSolder,10K,smt
163.34275,-57.12275,90.0,top,R6,,,R_0603_1608Metric_Pad0.98x0.95mm_HandSolder,3.3K,smt
171.75,-51.66175,0.0,top,R7,,,R_0603_1608Metric_Pad0.98x0.95mm_HandSolder,680,smt
173.0,-54.45575,-90.0,top,R8,,,R_0603_1608Metric_Pad0.98x0.95mm_HandSolder,235K,smt
149.0,-53.0,90.0,top,R9,,,R_0603_1608Metric_Pad0.98x0.95mm_HandSolder,3.3K,smt
153.6375,-36.1275,180.0,top,U1,,,SOT-23-5,SPX3819M5-L,smt
151.778,-39.96,0.0,top,U2,,,SOT-23-5,MCP73831-2-OT,smt
168.19525,-55.34475,0.0,top,U4,,,SOIC-8_3.9x4.9mm_P1.27mm,TLC555xD,smt
154.0,-54.5,0.0,top,U5,,,SOIC-8_3.9x4.9mm_P1.27mm,TLC555xD,smt
157.0,-46.0,0.0,top,U6,,,SOIC-8_3.9x4.9mm_P1.27mm,TLC555xD,smt
