﻿Designator,Quantity,Value,Footprint,Package,MPN,DNP,Mount_Type,Description
"C1, C2, C4",3,10uF,C_0603_1608Metric_Pad1.08x0.95mm_HandSolder,,,,smt,
"C10, C13, C6, C8",4,10u,C_0603_1608Metric_Pad1.08x0.95mm_HandSolder,,,,smt,Unpolarized capacitor
"C11, C7, C9",3,.1u,C_0603_1608Metric_Pad1.08x0.95mm_HandSolder,,,,smt,Unpolarized capacitor
C12,1,5u,C_0603_1608Metric_Pad1.08x0.95mm_HandSolder,,,,smt,Unpolarized capacitor
C3,1,1uF,C_0603_1608Metric_Pad1.08x0.95mm_HandSolder,,,,smt,
C5,1,20u,C_0603_1608Metric_Pad1.08x0.95mm_HandSolder,,,,smt,Unpolarized capacitor
D1,1,MBR0520,D_SOD-123,,,,smt,
D2,1,LED,LED_0805_2012Metric_Pad1.15x1.40mm_HandSolder,,,,smt,
J2,1,S2B-PH-K-SLFSN,JST_PH_S2B-PH-SM4-TB_1x02-1MP_P2.00mm_Horizontal,,,,smt,
"J3, J6",2,Conn_01x02_Pin,PinHeader_1x02_P2.54mm_Vertical,,,,tht,"Generic connector, single row, 01x02, script generated"
J4,1,USB_B_Micro,MOLEX_47589-0001,,,,smt,USB Micro Type B connector
Q1,1,BC817,SOT-23,,,,smt,"0.8A Ic, 45V Vce, NPN Transistor, SOT-23"
"R1, R4, R5",3,10K,R_0603_1608Metric_Pad0.98x0.95mm_HandSolder,,,,smt,Resistor
"R10, R13, R7",3,680,R_0603_1608Metric_Pad0.98x0.95mm_HandSolder,,,,smt,Resistor
"R11, R14",2,47K,R_0603_1608Metric_Pad0.98x0.95mm_HandSolder,,,,smt,Resistor
"R12, R6, R9",3,3.3K,R_0603_1608Metric_Pad0.98x0.95mm_HandSolder,,,,smt,Resistor
"R15, R17",2,20K,R_0603_1608Metric_Pad0.98x0.95mm_HandSolder,,,,smt,Resistor
R16,1,100,R_0603_1608Metric_Pad0.98x0.95mm_HandSolder,,,,smt,Resistor
R2,1,1K,R_0603_1608Metric_Pad0.98x0.95mm_HandSolder,,,,smt,
R3,1,100K,R_0603_1608Metric_Pad0.98x0.95mm_HandSolder,,,,smt,Resistor
R8,1,235K,R_0603_1608Metric_Pad0.98x0.95mm_HandSolder,,,,smt,Resistor
U1,1,SPX3819M5-L,SOT-23-5,,,,smt,
U2,1,MCP73831-2-OT,SOT-23-5,,,,smt,
"U4, U5, U6",3,TLC555xD,SOIC-8_3.9x4.9mm_P1.27mm,,,,smt,"Single LinCMOS Timer, 555 compatible, SOIC-8"
